p_id,hh_id,tu_id,bruttolohn_m,vermögen_hh,prv_krankenv,alter,hat_kinder,kind,selbstständig,eink_selbst_m,ges_rente_m,vermiet_eink_m,kapital_eink_m,prv_rente_beitr_m,wohnort_ost,jahr_renteneintr,betreuungskost_m,in_ausbildung,behinderungsgrad,arbeitsstunden_w,alleinerziehend
0,0,0,1500.0,0,False,50.0,True,False,False,0.0,0.0,0.0,0.0,0.0,False,2100.0,0.0,False,0.0,40.0,False
1,0,0,1500.0,0,False,50.0,True,False,False,0.0,0.0,0.0,0.0,0.0,False,2100.0,0.0,False,0.0,40.0,False
2,0,0,,0,False,10.0,False,True,,,,,,,,,,,,,False
3,0,0,,0,False,5.0,False,True,,,,,,,,,,,,,False
4,1,1,1550.0,0,False,50.0,True,False,False,0.0,0.0,0.0,0.0,0.0,False,2100.0,0.0,False,0.0,40.0,False
5,1,1,1550.0,0,False,50.0,True,False,False,0.0,0.0,0.0,0.0,0.0,False,2100.0,0.0,False,0.0,40.0,False
6,1,1,,0,False,10.0,False,True,,,,,,,,,,,,,False
7,1,1,,0,False,5.0,False,True,,,,,,,,,,,,,False
8,2,2,1600.0,0,False,50.0,True,False,False,0.0,0.0,0.0,0.0,0.0,False,2100.0,0.0,False,0.0,40.0,False
9,2,2,1600.0,0,False,50.0,True,False,False,0.0,0.0,0.0,0.0,0.0,False,2100.0,0.0,False,0.0,40.0,False
10,2,2,,0,False,10.0,False,True,,,,,,,,,,,,,False
11,2,2,,0,False,5.0,False,True,,,,,,,,,,,,,False
12,3,3,1650.0,0,False,50.0,True,False,False,0.0,0.0,0.0,0.0,0.0,False,2100.0,0.0,False,0.0,40.0,False
13,3,3,1650.0,0,False,50.0,True,False,False,0.0,0.0,0.0,0.0,0.0,False,2100.0,0.0,False,0.0,40.0,False
14,3,3,,0,False,10.0,False,True,,,,,,,,,,,,,False
15,3,3,,0,False,5.0,False,True,,,,,,,,,,,,,False
16,4,4,1700.0,0,False,50.0,True,False,False,0.0,0.0,0.0,0.0,0.0,False,2100.0,0.0,False,0.0,40.0,False
17,4,4,1700.0,0,False,50.0,True,False,False,0.0,0.0,0.0,0.0,0.0,False,2100.0,0.0,False,0.0,40.0,False
18,4,4,,0,False,10.0,False,True,,,,,,,,,,,,,False
19,4,4,,0,False,5.0,False,True,,,,,,,,,,,,,False
20,5,5,1750.0,0,False,50.0,True,False,False,0.0,0.0,0.0,0.0,0.0,False,2100.0,0.0,False,0.0,40.0,False
21,5,5,1750.0,0,False,50.0,True,False,False,0.0,0.0,0.0,0.0,0.0,False,2100.0,0.0,False,0.0,40.0,False
22,5,5,,0,False,10.0,False,True,,,,,,,,,,,,,False
23,5,5,,0,False,5.0,False,True,,,,,,,,,,,,,False
24,6,6,1800.0,0,False,50.0,True,False,False,0.0,0.0,0.0,0.0,0.0,False,2100.0,0.0,False,0.0,40.0,False
25,6,6,1800.0,0,False,50.0,True,False,False,0.0,0.0,0.0,0.0,0.0,False,2100.0,0.0,False,0.0,40.0,False
26,6,6,,0,False,10.0,False,True,,,,,,,,,,,,,False
27,6,6,,0,False,5.0,False,True,,,,,,,,,,,,,False
28,7,7,1850.0,0,False,50.0,True,False,False,0.0,0.0,0.0,0.0,0.0,False,2100.0,0.0,False,0.0,40.0,False
29,7,7,1850.0,0,False,50.0,True,False,False,0.0,0.0,0.0,0.0,0.0,False,2100.0,0.0,False,0.0,40.0,False
30,7,7,,0,False,10.0,False,True,,,,,,,,,,,,,False
31,7,7,,0,False,5.0,False,True,,,,,,,,,,,,,False
32,8,8,1900.0,0,False,50.0,True,False,False,0.0,0.0,0.0,0.0,0.0,False,2100.0,0.0,False,0.0,40.0,False
33,8,8,1900.0,0,False,50.0,True,False,False,0.0,0.0,0.0,0.0,0.0,False,2100.0,0.0,False,0.0,40.0,False
34,8,8,,0,False,10.0,False,True,,,,,,,,,,,,,False
35,8,8,,0,False,5.0,False,True,,,,,,,,,,,,,False
36,9,9,1950.0,0,False,50.0,True,False,False,0.0,0.0,0.0,0.0,0.0,False,2100.0,0.0,False,0.0,40.0,False
37,9,9,1950.0,0,False,50.0,True,False,False,0.0,0.0,0.0,0.0,0.0,False,2100.0,0.0,False,0.0,40.0,False
38,9,9,,0,False,10.0,False,True,,,,,,,,,,,,,False
39,9,9,,0,False,5.0,False,True,,,,,,,,,,,,,False
40,10,10,2000.0,0,False,50.0,True,False,False,0.0,0.0,0.0,0.0,0.0,False,2100.0,0.0,False,0.0,40.0,False
41,10,10,2000.0,0,False,50.0,True,False,False,0.0,0.0,0.0,0.0,0.0,False,2100.0,0.0,False,0.0,40.0,False
42,10,10,,0,False,10.0,False,True,,,,,,,,,,,,,False
43,10,10,,0,False,5.0,False,True,,,,,,,,,,,,,False
44,11,11,2050.0,0,False,50.0,True,False,False,0.0,0.0,0.0,0.0,0.0,False,2100.0,0.0,False,0.0,40.0,False
45,11,11,2050.0,0,False,50.0,True,False,False,0.0,0.0,0.0,0.0,0.0,False,2100.0,0.0,False,0.0,40.0,False
46,11,11,,0,False,10.0,False,True,,,,,,,,,,,,,False
47,11,11,,0,False,5.0,False,True,,,,,,,,,,,,,False
48,12,12,2100.0,0,False,50.0,True,False,False,0.0,0.0,0.0,0.0,0.0,False,2100.0,0.0,False,0.0,40.0,False
49,12,12,2100.0,0,False,50.0,True,False,False,0.0,0.0,0.0,0.0,0.0,False,2100.0,0.0,False,0.0,40.0,False
50,12,12,,0,False,10.0,False,True,,,,,,,,,,,,,False
51,12,12,,0,False,5.0,False,True,,,,,,,,,,,,,False
52,13,13,2150.0,0,False,50.0,True,False,False,0.0,0.0,0.0,0.0,0.0,False,2100.0,0.0,False,0.0,40.0,False
53,13,13,2150.0,0,False,50.0,True,False,False,0.0,0.0,0.0,0.0,0.0,False,2100.0,0.0,False,0.0,40.0,False
54,13,13,,0,False,10.0,False,True,,,,,,,,,,,,,False
55,13,13,,0,False,5.0,False,True,,,,,,,,,,,,,False
56,14,14,2200.0,0,False,50.0,True,False,False,0.0,0.0,0.0,0.0,0.0,False,2100.0,0.0,False,0.0,40.0,False
57,14,14,2200.0,0,False,50.0,True,False,False,0.0,0.0,0.0,0.0,0.0,False,2100.0,0.0,False,0.0,40.0,False
58,14,14,,0,False,10.0,False,True,,,,,,,,,,,,,False
59,14,14,,0,False,5.0,False,True,,,,,,,,,,,,,False
60,15,15,2250.0,0,False,50.0,True,False,False,0.0,0.0,0.0,0.0,0.0,False,2100.0,0.0,False,0.0,40.0,False
61,15,15,2250.0,0,False,50.0,True,False,False,0.0,0.0,0.0,0.0,0.0,False,2100.0,0.0,False,0.0,40.0,False
62,15,15,,0,False,10.0,False,True,,,,,,,,,,,,,False
63,15,15,,0,False,5.0,False,True,,,,,,,,,,,,,False
64,16,16,2300.0,0,False,50.0,True,False,False,0.0,0.0,0.0,0.0,0.0,False,2100.0,0.0,False,0.0,40.0,False
65,16,16,2300.0,0,False,50.0,True,False,False,0.0,0.0,0.0,0.0,0.0,False,2100.0,0.0,False,0.0,40.0,False
66,16,16,,0,False,10.0,False,True,,,,,,,,,,,,,False
67,16,16,,0,False,5.0,False,True,,,,,,,,,,,,,False
68,17,17,2350.0,0,False,50.0,True,False,False,0.0,0.0,0.0,0.0,0.0,False,2100.0,0.0,False,0.0,40.0,False
69,17,17,2350.0,0,False,50.0,True,False,False,0.0,0.0,0.0,0.0,0.0,False,2100.0,0.0,False,0.0,40.0,False
70,17,17,,0,False,10.0,False,True,,,,,,,,,,,,,False
71,17,17,,0,False,5.0,False,True,,,,,,,,,,,,,False
72,18,18,2400.0,0,False,50.0,True,False,False,0.0,0.0,0.0,0.0,0.0,False,2100.0,0.0,False,0.0,40.0,False
73,18,18,2400.0,0,False,50.0,True,False,False,0.0,0.0,0.0,0.0,0.0,False,2100.0,0.0,False,0.0,40.0,False
74,18,18,,0,False,10.0,False,True,,,,,,,,,,,,,False
75,18,18,,0,False,5.0,False,True,,,,,,,,,,,,,False
76,19,19,2450.0,0,False,50.0,True,False,False,0.0,0.0,0.0,0.0,0.0,False,2100.0,0.0,False,0.0,40.0,False
77,19,19,2450.0,0,False,50.0,True,False,False,0.0,0.0,0.0,0.0,0.0,False,2100.0,0.0,False,0.0,40.0,False
78,19,19,,0,False,10.0,False,True,,,,,,,,,,,,,False
79,19,19,,0,False,5.0,False,True,,,,,,,,,,,,,False
80,20,20,2500.0,0,False,50.0,True,False,False,0.0,0.0,0.0,0.0,0.0,False,2100.0,0.0,False,0.0,40.0,False
81,20,20,2500.0,0,False,50.0,True,False,False,0.0,0.0,0.0,0.0,0.0,False,2100.0,0.0,False,0.0,40.0,False
82,20,20,,0,False,10.0,False,True,,,,,,,,,,,,,False
83,20,20,,0,False,5.0,False,True,,,,,,,,,,,,,False
84,21,21,2550.0,0,False,50.0,True,False,False,0.0,0.0,0.0,0.0,0.0,False,2100.0,0.0,False,0.0,40.0,False
85,21,21,2550.0,0,False,50.0,True,False,False,0.0,0.0,0.0,0.0,0.0,False,2100.0,0.0,False,0.0,40.0,False
86,21,21,,0,False,10.0,False,True,,,,,,,,,,,,,False
87,21,21,,0,False,5.0,False,True,,,,,,,,,,,,,False
88,22,22,2600.0,0,False,50.0,True,False,False,0.0,0.0,0.0,0.0,0.0,False,2100.0,0.0,False,0.0,40.0,False
89,22,22,2600.0,0,False,50.0,True,False,False,0.0,0.0,0.0,0.0,0.0,False,2100.0,0.0,False,0.0,40.0,False
90,22,22,,0,False,10.0,False,True,,,,,,,,,,,,,False
91,22,22,,0,False,5.0,False,True,,,,,,,,,,,,,False
92,23,23,2650.0,0,False,50.0,True,False,False,0.0,0.0,0.0,0.0,0.0,False,2100.0,0.0,False,0.0,40.0,False
93,23,23,2650.0,0,False,50.0,True,False,False,0.0,0.0,0.0,0.0,0.0,False,2100.0,0.0,False,0.0,40.0,False
94,23,23,,0,False,10.0,False,True,,,,,,,,,,,,,False
95,23,23,,0,False,5.0,False,True,,,,,,,,,,,,,False
96,24,24,2700.0,0,False,50.0,True,False,False,0.0,0.0,0.0,0.0,0.0,False,2100.0,0.0,False,0.0,40.0,False
97,24,24,2700.0,0,False,50.0,True,False,False,0.0,0.0,0.0,0.0,0.0,False,2100.0,0.0,False,0.0,40.0,False
98,24,24,,0,False,10.0,False,True,,,,,,,,,,,,,False
99,24,24,,0,False,5.0,False,True,,,,,,,,,,,,,False
100,25,25,2750.0,0,False,50.0,True,False,False,0.0,0.0,0.0,0.0,0.0,False,2100.0,0.0,False,0.0,40.0,False
101,25,25,2750.0,0,False,50.0,True,False,False,0.0,0.0,0.0,0.0,0.0,False,2100.0,0.0,False,0.0,40.0,False
102,25,25,,0,False,10.0,False,True,,,,,,,,,,,,,False
103,25,25,,0,False,5.0,False,True,,,,,,,,,,,,,False
104,26,26,2800.0,0,False,50.0,True,False,False,0.0,0.0,0.0,0.0,0.0,False,2100.0,0.0,False,0.0,40.0,False
105,26,26,2800.0,0,False,50.0,True,False,False,0.0,0.0,0.0,0.0,0.0,False,2100.0,0.0,False,0.0,40.0,False
106,26,26,,0,False,10.0,False,True,,,,,,,,,,,,,False
107,26,26,,0,False,5.0,False,True,,,,,,,,,,,,,False
108,27,27,2850.0,0,False,50.0,True,False,False,0.0,0.0,0.0,0.0,0.0,False,2100.0,0.0,False,0.0,40.0,False
109,27,27,2850.0,0,False,50.0,True,False,False,0.0,0.0,0.0,0.0,0.0,False,2100.0,0.0,False,0.0,40.0,False
110,27,27,,0,False,10.0,False,True,,,,,,,,,,,,,False
111,27,27,,0,False,5.0,False,True,,,,,,,,,,,,,False
112,28,28,2900.0,0,False,50.0,True,False,False,0.0,0.0,0.0,0.0,0.0,False,2100.0,0.0,False,0.0,40.0,False
113,28,28,2900.0,0,False,50.0,True,False,False,0.0,0.0,0.0,0.0,0.0,False,2100.0,0.0,False,0.0,40.0,False
114,28,28,,0,False,10.0,False,True,,,,,,,,,,,,,False
115,28,28,,0,False,5.0,False,True,,,,,,,,,,,,,False
116,29,29,2950.0,0,False,50.0,True,False,False,0.0,0.0,0.0,0.0,0.0,False,2100.0,0.0,False,0.0,40.0,False
117,29,29,2950.0,0,False,50.0,True,False,False,0.0,0.0,0.0,0.0,0.0,False,2100.0,0.0,False,0.0,40.0,False
118,29,29,,0,False,10.0,False,True,,,,,,,,,,,,,False
119,29,29,,0,False,5.0,False,True,,,,,,,,,,,,,False
120,30,30,3000.0,0,False,50.0,True,False,False,0.0,0.0,0.0,0.0,0.0,False,2100.0,0.0,False,0.0,40.0,False
121,30,30,3000.0,0,False,50.0,True,False,False,0.0,0.0,0.0,0.0,0.0,False,2100.0,0.0,False,0.0,40.0,False
122,30,30,,0,False,10.0,False,True,,,,,,,,,,,,,False
123,30,30,,0,False,5.0,False,True,,,,,,,,,,,,,False
124,31,31,3050.0,0,False,50.0,True,False,False,0.0,0.0,0.0,0.0,0.0,False,2100.0,0.0,False,0.0,40.0,False
125,31,31,3050.0,0,False,50.0,True,False,False,0.0,0.0,0.0,0.0,0.0,False,2100.0,0.0,False,0.0,40.0,False
126,31,31,,0,False,10.0,False,True,,,,,,,,,,,,,False
127,31,31,,0,False,5.0,False,True,,,,,,,,,,,,,False
128,32,32,3100.0,0,False,50.0,True,False,False,0.0,0.0,0.0,0.0,0.0,False,2100.0,0.0,False,0.0,40.0,False
129,32,32,3100.0,0,False,50.0,True,False,False,0.0,0.0,0.0,0.0,0.0,False,2100.0,0.0,False,0.0,40.0,False
130,32,32,,0,False,10.0,False,True,,,,,,,,,,,,,False
131,32,32,,0,False,5.0,False,True,,,,,,,,,,,,,False
132,33,33,3150.0,0,False,50.0,True,False,False,0.0,0.0,0.0,0.0,0.0,False,2100.0,0.0,False,0.0,40.0,False
133,33,33,3150.0,0,False,50.0,True,False,False,0.0,0.0,0.0,0.0,0.0,False,2100.0,0.0,False,0.0,40.0,False
134,33,33,,0,False,10.0,False,True,,,,,,,,,,,,,False
135,33,33,,0,False,5.0,False,True,,,,,,,,,,,,,False
136,34,34,3200.0,0,False,50.0,True,False,False,0.0,0.0,0.0,0.0,0.0,False,2100.0,0.0,False,0.0,40.0,False
137,34,34,3200.0,0,False,50.0,True,False,False,0.0,0.0,0.0,0.0,0.0,False,2100.0,0.0,False,0.0,40.0,False
138,34,34,,0,False,10.0,False,True,,,,,,,,,,,,,False
139,34,34,,0,False,5.0,False,True,,,,,,,,,,,,,False
140,35,35,3250.0,0,False,50.0,True,False,False,0.0,0.0,0.0,0.0,0.0,False,2100.0,0.0,False,0.0,40.0,False
141,35,35,3250.0,0,False,50.0,True,False,False,0.0,0.0,0.0,0.0,0.0,False,2100.0,0.0,False,0.0,40.0,False
142,35,35,,0,False,10.0,False,True,,,,,,,,,,,,,False
143,35,35,,0,False,5.0,False,True,,,,,,,,,,,,,False
144,36,36,3300.0,0,False,50.0,True,False,False,0.0,0.0,0.0,0.0,0.0,False,2100.0,0.0,False,0.0,40.0,False
145,36,36,3300.0,0,False,50.0,True,False,False,0.0,0.0,0.0,0.0,0.0,False,2100.0,0.0,False,0.0,40.0,False
146,36,36,,0,False,10.0,False,True,,,,,,,,,,,,,False
147,36,36,,0,False,5.0,False,True,,,,,,,,,,,,,False
148,37,37,3350.0,0,False,50.0,True,False,False,0.0,0.0,0.0,0.0,0.0,False,2100.0,0.0,False,0.0,40.0,False
149,37,37,3350.0,0,False,50.0,True,False,False,0.0,0.0,0.0,0.0,0.0,False,2100.0,0.0,False,0.0,40.0,False
150,37,37,,0,False,10.0,False,True,,,,,,,,,,,,,False
151,37,37,,0,False,5.0,False,True,,,,,,,,,,,,,False
152,38,38,3400.0,0,False,50.0,True,False,False,0.0,0.0,0.0,0.0,0.0,False,2100.0,0.0,False,0.0,40.0,False
153,38,38,3400.0,0,False,50.0,True,False,False,0.0,0.0,0.0,0.0,0.0,False,2100.0,0.0,False,0.0,40.0,False
154,38,38,,0,False,10.0,False,True,,,,,,,,,,,,,False
155,38,38,,0,False,5.0,False,True,,,,,,,,,,,,,False
156,39,39,3450.0,0,False,50.0,True,False,False,0.0,0.0,0.0,0.0,0.0,False,2100.0,0.0,False,0.0,40.0,False
157,39,39,3450.0,0,False,50.0,True,False,False,0.0,0.0,0.0,0.0,0.0,False,2100.0,0.0,False,0.0,40.0,False
158,39,39,,0,False,10.0,False,True,,,,,,,,,,,,,False
159,39,39,,0,False,5.0,False,True,,,,,,,,,,,,,False
160,40,40,3500.0,0,False,50.0,True,False,False,0.0,0.0,0.0,0.0,0.0,False,2100.0,0.0,False,0.0,40.0,False
161,40,40,3500.0,0,False,50.0,True,False,False,0.0,0.0,0.0,0.0,0.0,False,2100.0,0.0,False,0.0,40.0,False
162,40,40,,0,False,10.0,False,True,,,,,,,,,,,,,False
163,40,40,,0,False,5.0,False,True,,,,,,,,,,,,,False
164,41,41,3550.0,0,False,50.0,True,False,False,0.0,0.0,0.0,0.0,0.0,False,2100.0,0.0,False,0.0,40.0,False
165,41,41,3550.0,0,False,50.0,True,False,False,0.0,0.0,0.0,0.0,0.0,False,2100.0,0.0,False,0.0,40.0,False
166,41,41,,0,False,10.0,False,True,,,,,,,,,,,,,False
167,41,41,,0,False,5.0,False,True,,,,,,,,,,,,,False
168,42,42,3600.0,0,False,50.0,True,False,False,0.0,0.0,0.0,0.0,0.0,False,2100.0,0.0,False,0.0,40.0,False
169,42,42,3600.0,0,False,50.0,True,False,False,0.0,0.0,0.0,0.0,0.0,False,2100.0,0.0,False,0.0,40.0,False
170,42,42,,0,False,10.0,False,True,,,,,,,,,,,,,False
171,42,42,,0,False,5.0,False,True,,,,,,,,,,,,,False
172,43,43,3650.0,0,False,50.0,True,False,False,0.0,0.0,0.0,0.0,0.0,False,2100.0,0.0,False,0.0,40.0,False
173,43,43,3650.0,0,False,50.0,True,False,False,0.0,0.0,0.0,0.0,0.0,False,2100.0,0.0,False,0.0,40.0,False
174,43,43,,0,False,10.0,False,True,,,,,,,,,,,,,False
175,43,43,,0,False,5.0,False,True,,,,,,,,,,,,,False
176,44,44,3700.0,0,False,50.0,True,False,False,0.0,0.0,0.0,0.0,0.0,False,2100.0,0.0,False,0.0,40.0,False
177,44,44,3700.0,0,False,50.0,True,False,False,0.0,0.0,0.0,0.0,0.0,False,2100.0,0.0,False,0.0,40.0,False
178,44,44,,0,False,10.0,False,True,,,,,,,,,,,,,False
179,44,44,,0,False,5.0,False,True,,,,,,,,,,,,,False
180,45,45,3750.0,0,False,50.0,True,False,False,0.0,0.0,0.0,0.0,0.0,False,2100.0,0.0,False,0.0,40.0,False
181,45,45,3750.0,0,False,50.0,True,False,False,0.0,0.0,0.0,0.0,0.0,False,2100.0,0.0,False,0.0,40.0,False
182,45,45,,0,False,10.0,False,True,,,,,,,,,,,,,False
183,45,45,,0,False,5.0,False,True,,,,,,,,,,,,,False
184,46,46,3800.0,0,False,50.0,True,False,False,0.0,0.0,0.0,0.0,0.0,False,2100.0,0.0,False,0.0,40.0,False
185,46,46,3800.0,0,False,50.0,True,False,False,0.0,0.0,0.0,0.0,0.0,False,2100.0,0.0,False,0.0,40.0,False
186,46,46,,0,False,10.0,False,True,,,,,,,,,,,,,False
187,46,46,,0,False,5.0,False,True,,,,,,,,,,,,,False
188,47,47,3850.0,0,False,50.0,True,False,False,0.0,0.0,0.0,0.0,0.0,False,2100.0,0.0,False,0.0,40.0,False
189,47,47,3850.0,0,False,50.0,True,False,False,0.0,0.0,0.0,0.0,0.0,False,2100.0,0.0,False,0.0,40.0,False
190,47,47,,0,False,10.0,False,True,,,,,,,,,,,,,False
191,47,47,,0,False,5.0,False,True,,,,,,,,,,,,,False
192,48,48,3900.0,0,False,50.0,True,False,False,0.0,0.0,0.0,0.0,0.0,False,2100.0,0.0,False,0.0,40.0,False
193,48,48,3900.0,0,False,50.0,True,False,False,0.0,0.0,0.0,0.0,0.0,False,2100.0,0.0,False,0.0,40.0,False
194,48,48,,0,False,10.0,False,True,,,,,,,,,,,,,False
195,48,48,,0,False,5.0,False,True,,,,,,,,,,,,,False
196,49,49,3950.0,0,False,50.0,True,False,False,0.0,0.0,0.0,0.0,0.0,False,2100.0,0.0,False,0.0,40.0,False
197,49,49,3950.0,0,False,50.0,True,False,False,0.0,0.0,0.0,0.0,0.0,False,2100.0,0.0,False,0.0,40.0,False
198,49,49,,0,False,10.0,False,True,,,,,,,,,,,,,False
199,49,49,,0,False,5.0,False,True,,,,,,,,,,,,,False
200,50,50,4000.0,0,False,50.0,True,False,False,0.0,0.0,0.0,0.0,0.0,False,2100.0,0.0,False,0.0,40.0,False
201,50,50,4000.0,0,False,50.0,True,False,False,0.0,0.0,0.0,0.0,0.0,False,2100.0,0.0,False,0.0,40.0,False
202,50,50,,0,False,10.0,False,True,,,,,,,,,,,,,False
203,50,50,,0,False,5.0,False,True,,,,,,,,,,,,,False
204,51,51,4050.0,0,False,50.0,True,False,False,0.0,0.0,0.0,0.0,0.0,False,2100.0,0.0,False,0.0,40.0,False
205,51,51,4050.0,0,False,50.0,True,False,False,0.0,0.0,0.0,0.0,0.0,False,2100.0,0.0,False,0.0,40.0,False
206,51,51,,0,False,10.0,False,True,,,,,,,,,,,,,False
207,51,51,,0,False,5.0,False,True,,,,,,,,,,,,,False
208,52,52,4100.0,0,False,50.0,True,False,False,0.0,0.0,0.0,0.0,0.0,False,2100.0,0.0,False,0.0,40.0,False
209,52,52,4100.0,0,False,50.0,True,False,False,0.0,0.0,0.0,0.0,0.0,False,2100.0,0.0,False,0.0,40.0,False
210,52,52,,0,False,10.0,False,True,,,,,,,,,,,,,False
211,52,52,,0,False,5.0,False,True,,,,,,,,,,,,,False
212,53,53,4150.0,0,False,50.0,True,False,False,0.0,0.0,0.0,0.0,0.0,False,2100.0,0.0,False,0.0,40.0,False
213,53,53,4150.0,0,False,50.0,True,False,False,0.0,0.0,0.0,0.0,0.0,False,2100.0,0.0,False,0.0,40.0,False
214,53,53,,0,False,10.0,False,True,,,,,,,,,,,,,False
215,53,53,,0,False,5.0,False,True,,,,,,,,,,,,,False
216,54,54,4200.0,0,False,50.0,True,False,False,0.0,0.0,0.0,0.0,0.0,False,2100.0,0.0,False,0.0,40.0,False
217,54,54,4200.0,0,False,50.0,True,False,False,0.0,0.0,0.0,0.0,0.0,False,2100.0,0.0,False,0.0,40.0,False
218,54,54,,0,False,10.0,False,True,,,,,,,,,,,,,False
219,54,54,,0,False,5.0,False,True,,,,,,,,,,,,,False
220,55,55,4250.0,0,False,50.0,True,False,False,0.0,0.0,0.0,0.0,0.0,False,2100.0,0.0,False,0.0,40.0,False
221,55,55,4250.0,0,False,50.0,True,False,False,0.0,0.0,0.0,0.0,0.0,False,2100.0,0.0,False,0.0,40.0,False
222,55,55,,0,False,10.0,False,True,,,,,,,,,,,,,False
223,55,55,,0,False,5.0,False,True,,,,,,,,,,,,,False
224,56,56,4300.0,0,False,50.0,True,False,False,0.0,0.0,0.0,0.0,0.0,False,2100.0,0.0,False,0.0,40.0,False
225,56,56,4300.0,0,False,50.0,True,False,False,0.0,0.0,0.0,0.0,0.0,False,2100.0,0.0,False,0.0,40.0,False
226,56,56,,0,False,10.0,False,True,,,,,,,,,,,,,False
227,56,56,,0,False,5.0,False,True,,,,,,,,,,,,,False
228,57,57,4350.0,0,False,50.0,True,False,False,0.0,0.0,0.0,0.0,0.0,False,2100.0,0.0,False,0.0,40.0,False
229,57,57,4350.0,0,False,50.0,True,False,False,0.0,0.0,0.0,0.0,0.0,False,2100.0,0.0,False,0.0,40.0,False
230,57,57,,0,False,10.0,False,True,,,,,,,,,,,,,False
231,57,57,,0,False,5.0,False,True,,,,,,,,,,,,,False
232,58,58,4400.0,0,False,50.0,True,False,False,0.0,0.0,0.0,0.0,0.0,False,2100.0,0.0,False,0.0,40.0,False
233,58,58,4400.0,0,False,50.0,True,False,False,0.0,0.0,0.0,0.0,0.0,False,2100.0,0.0,False,0.0,40.0,False
234,58,58,,0,False,10.0,False,True,,,,,,,,,,,,,False
235,58,58,,0,False,5.0,False,True,,,,,,,,,,,,,False
236,59,59,4450.0,0,False,50.0,True,False,False,0.0,0.0,0.0,0.0,0.0,False,2100.0,0.0,False,0.0,40.0,False
237,59,59,4450.0,0,False,50.0,True,False,False,0.0,0.0,0.0,0.0,0.0,False,2100.0,0.0,False,0.0,40.0,False
238,59,59,,0,False,10.0,False,True,,,,,,,,,,,,,False
239,59,59,,0,False,5.0,False,True,,,,,,,,,,,,,False
240,60,60,4500.0,0,False,50.0,True,False,False,0.0,0.0,0.0,0.0,0.0,False,2100.0,0.0,False,0.0,40.0,False
241,60,60,4500.0,0,False,50.0,True,False,False,0.0,0.0,0.0,0.0,0.0,False,2100.0,0.0,False,0.0,40.0,False
242,60,60,,0,False,10.0,False,True,,,,,,,,,,,,,False
243,60,60,,0,False,5.0,False,True,,,,,,,,,,,,,False
244,61,61,4550.0,0,False,50.0,True,False,False,0.0,0.0,0.0,0.0,0.0,False,2100.0,0.0,False,0.0,40.0,False
245,61,61,4550.0,0,False,50.0,True,False,False,0.0,0.0,0.0,0.0,0.0,False,2100.0,0.0,False,0.0,40.0,False
246,61,61,,0,False,10.0,False,True,,,,,,,,,,,,,False
247,61,61,,0,False,5.0,False,True,,,,,,,,,,,,,False
248,62,62,4600.0,0,False,50.0,True,False,False,0.0,0.0,0.0,0.0,0.0,False,2100.0,0.0,False,0.0,40.0,False
249,62,62,4600.0,0,False,50.0,True,False,False,0.0,0.0,0.0,0.0,0.0,False,2100.0,0.0,False,0.0,40.0,False
250,62,62,,0,False,10.0,False,True,,,,,,,,,,,,,False
251,62,62,,0,False,5.0,False,True,,,,,,,,,,,,,False
252,63,63,4650.0,0,False,50.0,True,False,False,0.0,0.0,0.0,0.0,0.0,False,2100.0,0.0,False,0.0,40.0,False
253,63,63,4650.0,0,False,50.0,True,False,False,0.0,0.0,0.0,0.0,0.0,False,2100.0,0.0,False,0.0,40.0,False
254,63,63,,0,False,10.0,False,True,,,,,,,,,,,,,False
255,63,63,,0,False,5.0,False,True,,,,,,,,,,,,,False
256,64,64,4700.0,0,False,50.0,True,False,False,0.0,0.0,0.0,0.0,0.0,False,2100.0,0.0,False,0.0,40.0,False
257,64,64,4700.0,0,False,50.0,True,False,False,0.0,0.0,0.0,0.0,0.0,False,2100.0,0.0,False,0.0,40.0,False
258,64,64,,0,False,10.0,False,True,,,,,,,,,,,,,False
259,64,64,,0,False,5.0,False,True,,,,,,,,,,,,,False
260,65,65,4750.0,0,False,50.0,True,False,False,0.0,0.0,0.0,0.0,0.0,False,2100.0,0.0,False,0.0,40.0,False
261,65,65,4750.0,0,False,50.0,True,False,False,0.0,0.0,0.0,0.0,0.0,False,2100.0,0.0,False,0.0,40.0,False
262,65,65,,0,False,10.0,False,True,,,,,,,,,,,,,False
263,65,65,,0,False,5.0,False,True,,,,,,,,,,,,,False
264,66,66,4800.0,0,False,50.0,True,False,False,0.0,0.0,0.0,0.0,0.0,False,2100.0,0.0,False,0.0,40.0,False
265,66,66,4800.0,0,False,50.0,True,False,False,0.0,0.0,0.0,0.0,0.0,False,2100.0,0.0,False,0.0,40.0,False
266,66,66,,0,False,10.0,False,True,,,,,,,,,,,,,False
267,66,66,,0,False,5.0,False,True,,,,,,,,,,,,,False
268,67,67,4850.0,0,False,50.0,True,False,False,0.0,0.0,0.0,0.0,0.0,False,2100.0,0.0,False,0.0,40.0,False
269,67,67,4850.0,0,False,50.0,True,False,False,0.0,0.0,0.0,0.0,0.0,False,2100.0,0.0,False,0.0,40.0,False
270,67,67,,0,False,10.0,False,True,,,,,,,,,,,,,False
271,67,67,,0,False,5.0,False,True,,,,,,,,,,,,,False
272,68,68,4900.0,0,False,50.0,True,False,False,0.0,0.0,0.0,0.0,0.0,False,2100.0,0.0,False,0.0,40.0,False
273,68,68,4900.0,0,False,50.0,True,False,False,0.0,0.0,0.0,0.0,0.0,False,2100.0,0.0,False,0.0,40.0,False
274,68,68,,0,False,10.0,False,True,,,,,,,,,,,,,False
275,68,68,,0,False,5.0,False,True,,,,,,,,,,,,,False
276,69,69,4950.0,0,False,50.0,True,False,False,0.0,0.0,0.0,0.0,0.0,False,2100.0,0.0,False,0.0,40.0,False
277,69,69,4950.0,0,False,50.0,True,False,False,0.0,0.0,0.0,0.0,0.0,False,2100.0,0.0,False,0.0,40.0,False
278,69,69,,0,False,10.0,False,True,,,,,,,,,,,,,False
279,69,69,,0,False,5.0,False,True,,,,,,,,,,,,,False
280,70,70,5000.0,0,False,50.0,True,False,False,0.0,0.0,0.0,0.0,0.0,False,2100.0,0.0,False,0.0,40.0,False
281,70,70,5000.0,0,False,50.0,True,False,False,0.0,0.0,0.0,0.0,0.0,False,2100.0,0.0,False,0.0,40.0,False
282,70,70,,0,False,10.0,False,True,,,,,,,,,,,,,False
283,70,70,,0,False,5.0,False,True,,,,,,,,,,,,,False
284,71,71,5050.0,0,False,50.0,True,False,False,0.0,0.0,0.0,0.0,0.0,False,2100.0,0.0,False,0.0,40.0,False
285,71,71,5050.0,0,False,50.0,True,False,False,0.0,0.0,0.0,0.0,0.0,False,2100.0,0.0,False,0.0,40.0,False
286,71,71,,0,False,10.0,False,True,,,,,,,,,,,,,False
287,71,71,,0,False,5.0,False,True,,,,,,,,,,,,,False
288,72,72,5100.0,0,False,50.0,True,False,False,0.0,0.0,0.0,0.0,0.0,False,2100.0,0.0,False,0.0,40.0,False
289,72,72,5100.0,0,False,50.0,True,False,False,0.0,0.0,0.0,0.0,0.0,False,2100.0,0.0,False,0.0,40.0,False
290,72,72,,0,False,10.0,False,True,,,,,,,,,,,,,False
291,72,72,,0,False,5.0,False,True,,,,,,,,,,,,,False
292,73,73,5150.0,0,False,50.0,True,False,False,0.0,0.0,0.0,0.0,0.0,False,2100.0,0.0,False,0.0,40.0,False
293,73,73,5150.0,0,False,50.0,True,False,False,0.0,0.0,0.0,0.0,0.0,False,2100.0,0.0,False,0.0,40.0,False
294,73,73,,0,False,10.0,False,True,,,,,,,,,,,,,False
295,73,73,,0,False,5.0,False,True,,,,,,,,,,,,,False
296,74,74,5200.0,0,False,50.0,True,False,False,0.0,0.0,0.0,0.0,0.0,False,2100.0,0.0,False,0.0,40.0,False
297,74,74,5200.0,0,False,50.0,True,False,False,0.0,0.0,0.0,0.0,0.0,False,2100.0,0.0,False,0.0,40.0,False
298,74,74,,0,False,10.0,False,True,,,,,,,,,,,,,False
299,74,74,,0,False,5.0,False,True,,,,,,,,,,,,,False
300,75,75,5250.0,0,False,50.0,True,False,False,0.0,0.0,0.0,0.0,0.0,False,2100.0,0.0,False,0.0,40.0,False
301,75,75,5250.0,0,False,50.0,True,False,False,0.0,0.0,0.0,0.0,0.0,False,2100.0,0.0,False,0.0,40.0,False
302,75,75,,0,False,10.0,False,True,,,,,,,,,,,,,False
303,75,75,,0,False,5.0,False,True,,,,,,,,,,,,,False
304,76,76,5300.0,0,False,50.0,True,False,False,0.0,0.0,0.0,0.0,0.0,False,2100.0,0.0,False,0.0,40.0,False
305,76,76,5300.0,0,False,50.0,True,False,False,0.0,0.0,0.0,0.0,0.0,False,2100.0,0.0,False,0.0,40.0,False
306,76,76,,0,False,10.0,False,True,,,,,,,,,,,,,False
307,76,76,,0,False,5.0,False,True,,,,,,,,,,,,,False
308,77,77,5350.0,0,False,50.0,True,False,False,0.0,0.0,0.0,0.0,0.0,False,2100.0,0.0,False,0.0,40.0,False
309,77,77,5350.0,0,False,50.0,True,False,False,0.0,0.0,0.0,0.0,0.0,False,2100.0,0.0,False,0.0,40.0,False
310,77,77,,0,False,10.0,False,True,,,,,,,,,,,,,False
311,77,77,,0,False,5.0,False,True,,,,,,,,,,,,,False
312,78,78,5400.0,0,False,50.0,True,False,False,0.0,0.0,0.0,0.0,0.0,False,2100.0,0.0,False,0.0,40.0,False
313,78,78,5400.0,0,False,50.0,True,False,False,0.0,0.0,0.0,0.0,0.0,False,2100.0,0.0,False,0.0,40.0,False
314,78,78,,0,False,10.0,False,True,,,,,,,,,,,,,False
315,78,78,,0,False,5.0,False,True,,,,,,,,,,,,,False
316,79,79,5450.0,0,False,50.0,True,False,False,0.0,0.0,0.0,0.0,0.0,False,2100.0,0.0,False,0.0,40.0,False
317,79,79,5450.0,0,False,50.0,True,False,False,0.0,0.0,0.0,0.0,0.0,False,2100.0,0.0,False,0.0,40.0,False
318,79,79,,0,False,10.0,False,True,,,,,,,,,,,,,False
319,79,79,,0,False,5.0,False,True,,,,,,,,,,,,,False
320,80,80,5500.0,0,False,50.0,True,False,False,0.0,0.0,0.0,0.0,0.0,False,2100.0,0.0,False,0.0,40.0,False
321,80,80,5500.0,0,False,50.0,True,False,False,0.0,0.0,0.0,0.0,0.0,False,2100.0,0.0,False,0.0,40.0,False
322,80,80,,0,False,10.0,False,True,,,,,,,,,,,,,False
323,80,80,,0,False,5.0,False,True,,,,,,,,,,,,,False
324,81,81,5550.0,0,False,50.0,True,False,False,0.0,0.0,0.0,0.0,0.0,False,2100.0,0.0,False,0.0,40.0,False
325,81,81,5550.0,0,False,50.0,True,False,False,0.0,0.0,0.0,0.0,0.0,False,2100.0,0.0,False,0.0,40.0,False
326,81,81,,0,False,10.0,False,True,,,,,,,,,,,,,False
327,81,81,,0,False,5.0,False,True,,,,,,,,,,,,,False
328,82,82,5600.0,0,False,50.0,True,False,False,0.0,0.0,0.0,0.0,0.0,False,2100.0,0.0,False,0.0,40.0,False
329,82,82,5600.0,0,False,50.0,True,False,False,0.0,0.0,0.0,0.0,0.0,False,2100.0,0.0,False,0.0,40.0,False
330,82,82,,0,False,10.0,False,True,,,,,,,,,,,,,False
331,82,82,,0,False,5.0,False,True,,,,,,,,,,,,,False
332,83,83,5650.0,0,False,50.0,True,False,False,0.0,0.0,0.0,0.0,0.0,False,2100.0,0.0,False,0.0,40.0,False
333,83,83,5650.0,0,False,50.0,True,False,False,0.0,0.0,0.0,0.0,0.0,False,2100.0,0.0,False,0.0,40.0,False
334,83,83,,0,False,10.0,False,True,,,,,,,,,,,,,False
335,83,83,,0,False,5.0,False,True,,,,,,,,,,,,,False
336,84,84,5700.0,0,False,50.0,True,False,False,0.0,0.0,0.0,0.0,0.0,False,2100.0,0.0,False,0.0,40.0,False
337,84,84,5700.0,0,False,50.0,True,False,False,0.0,0.0,0.0,0.0,0.0,False,2100.0,0.0,False,0.0,40.0,False
338,84,84,,0,False,10.0,False,True,,,,,,,,,,,,,False
339,84,84,,0,False,5.0,False,True,,,,,,,,,,,,,False
340,85,85,5750.0,0,False,50.0,True,False,False,0.0,0.0,0.0,0.0,0.0,False,2100.0,0.0,False,0.0,40.0,False
341,85,85,5750.0,0,False,50.0,True,False,False,0.0,0.0,0.0,0.0,0.0,False,2100.0,0.0,False,0.0,40.0,False
342,85,85,,0,False,10.0,False,True,,,,,,,,,,,,,False
343,85,85,,0,False,5.0,False,True,,,,,,,,,,,,,False
344,86,86,5800.0,0,False,50.0,True,False,False,0.0,0.0,0.0,0.0,0.0,False,2100.0,0.0,False,0.0,40.0,False
345,86,86,5800.0,0,False,50.0,True,False,False,0.0,0.0,0.0,0.0,0.0,False,2100.0,0.0,False,0.0,40.0,False
346,86,86,,0,False,10.0,False,True,,,,,,,,,,,,,False
347,86,86,,0,False,5.0,False,True,,,,,,,,,,,,,False
348,87,87,5850.0,0,False,50.0,True,False,False,0.0,0.0,0.0,0.0,0.0,False,2100.0,0.0,False,0.0,40.0,False
349,87,87,5850.0,0,False,50.0,True,False,False,0.0,0.0,0.0,0.0,0.0,False,2100.0,0.0,False,0.0,40.0,False
350,87,87,,0,False,10.0,False,True,,,,,,,,,,,,,False
351,87,87,,0,False,5.0,False,True,,,,,,,,,,,,,False
352,88,88,5900.0,0,False,50.0,True,False,False,0.0,0.0,0.0,0.0,0.0,False,2100.0,0.0,False,0.0,40.0,False
353,88,88,5900.0,0,False,50.0,True,False,False,0.0,0.0,0.0,0.0,0.0,False,2100.0,0.0,False,0.0,40.0,False
354,88,88,,0,False,10.0,False,True,,,,,,,,,,,,,False
355,88,88,,0,False,5.0,False,True,,,,,,,,,,,,,False
356,89,89,5950.0,0,False,50.0,True,False,False,0.0,0.0,0.0,0.0,0.0,False,2100.0,0.0,False,0.0,40.0,False
357,89,89,5950.0,0,False,50.0,True,False,False,0.0,0.0,0.0,0.0,0.0,False,2100.0,0.0,False,0.0,40.0,False
358,89,89,,0,False,10.0,False,True,,,,,,,,,,,,,False
359,89,89,,0,False,5.0,False,True,,,,,,,,,,,,,False
360,90,90,6000.0,0,False,50.0,True,False,False,0.0,0.0,0.0,0.0,0.0,False,2100.0,0.0,False,0.0,40.0,False
361,90,90,6000.0,0,False,50.0,True,False,False,0.0,0.0,0.0,0.0,0.0,False,2100.0,0.0,False,0.0,40.0,False
362,90,90,,0,False,10.0,False,True,,,,,,,,,,,,,False
363,90,90,,0,False,5.0,False,True,,,,,,,,,,,,,False
364,91,91,6050.0,0,False,50.0,True,False,False,0.0,0.0,0.0,0.0,0.0,False,2100.0,0.0,False,0.0,40.0,False
365,91,91,6050.0,0,False,50.0,True,False,False,0.0,0.0,0.0,0.0,0.0,False,2100.0,0.0,False,0.0,40.0,False
366,91,91,,0,False,10.0,False,True,,,,,,,,,,,,,False
367,91,91,,0,False,5.0,False,True,,,,,,,,,,,,,False
368,92,92,6100.0,0,False,50.0,True,False,False,0.0,0.0,0.0,0.0,0.0,False,2100.0,0.0,False,0.0,40.0,False
369,92,92,6100.0,0,False,50.0,True,False,False,0.0,0.0,0.0,0.0,0.0,False,2100.0,0.0,False,0.0,40.0,False
370,92,92,,0,False,10.0,False,True,,,,,,,,,,,,,False
371,92,92,,0,False,5.0,False,True,,,,,,,,,,,,,False
372,93,93,6150.0,0,False,50.0,True,False,False,0.0,0.0,0.0,0.0,0.0,False,2100.0,0.0,False,0.0,40.0,False
373,93,93,6150.0,0,False,50.0,True,False,False,0.0,0.0,0.0,0.0,0.0,False,2100.0,0.0,False,0.0,40.0,False
374,93,93,,0,False,10.0,False,True,,,,,,,,,,,,,False
375,93,93,,0,False,5.0,False,True,,,,,,,,,,,,,False
376,94,94,6200.0,0,False,50.0,True,False,False,0.0,0.0,0.0,0.0,0.0,False,2100.0,0.0,False,0.0,40.0,False
377,94,94,6200.0,0,False,50.0,True,False,False,0.0,0.0,0.0,0.0,0.0,False,2100.0,0.0,False,0.0,40.0,False
378,94,94,,0,False,10.0,False,True,,,,,,,,,,,,,False
379,94,94,,0,False,5.0,False,True,,,,,,,,,,,,,False
380,95,95,6250.0,0,False,50.0,True,False,False,0.0,0.0,0.0,0.0,0.0,False,2100.0,0.0,False,0.0,40.0,False
381,95,95,6250.0,0,False,50.0,True,False,False,0.0,0.0,0.0,0.0,0.0,False,2100.0,0.0,False,0.0,40.0,False
382,95,95,,0,False,10.0,False,True,,,,,,,,,,,,,False
383,95,95,,0,False,5.0,False,True,,,,,,,,,,,,,False
384,96,96,6300.0,0,False,50.0,True,False,False,0.0,0.0,0.0,0.0,0.0,False,2100.0,0.0,False,0.0,40.0,False
385,96,96,6300.0,0,False,50.0,True,False,False,0.0,0.0,0.0,0.0,0.0,False,2100.0,0.0,False,0.0,40.0,False
386,96,96,,0,False,10.0,False,True,,,,,,,,,,,,,False
387,96,96,,0,False,5.0,False,True,,,,,,,,,,,,,False
388,97,97,6350.0,0,False,50.0,True,False,False,0.0,0.0,0.0,0.0,0.0,False,2100.0,0.0,False,0.0,40.0,False
389,97,97,6350.0,0,False,50.0,True,False,False,0.0,0.0,0.0,0.0,0.0,False,2100.0,0.0,False,0.0,40.0,False
390,97,97,,0,False,10.0,False,True,,,,,,,,,,,,,False
391,97,97,,0,False,5.0,False,True,,,,,,,,,,,,,False
392,98,98,6400.0,0,False,50.0,True,False,False,0.0,0.0,0.0,0.0,0.0,False,2100.0,0.0,False,0.0,40.0,False
393,98,98,6400.0,0,False,50.0,True,False,False,0.0,0.0,0.0,0.0,0.0,False,2100.0,0.0,False,0.0,40.0,False
394,98,98,,0,False,10.0,False,True,,,,,,,,,,,,,False
395,98,98,,0,False,5.0,False,True,,,,,,,,,,,,,False
396,99,99,6450.0,0,False,50.0,True,False,False,0.0,0.0,0.0,0.0,0.0,False,2100.0,0.0,False,0.0,40.0,False
397,99,99,6450.0,0,False,50.0,True,False,False,0.0,0.0,0.0,0.0,0.0,False,2100.0,0.0,False,0.0,40.0,False
398,99,99,,0,False,10.0,False,True,,,,,,,,,,,,,False
399,99,99,,0,False,5.0,False,True,,,,,,,,,,,,,False
400,100,100,6500.0,0,False,50.0,True,False,False,0.0,0.0,0.0,0.0,0.0,False,2100.0,0.0,False,0.0,40.0,False
401,100,100,6500.0,0,False,50.0,True,False,False,0.0,0.0,0.0,0.0,0.0,False,2100.0,0.0,False,0.0,40.0,False
402,100,100,,0,False,10.0,False,True,,,,,,,,,,,,,False
403,100,100,,0,False,5.0,False,True,,,,,,,,,,,,,False
404,101,101,6550.0,0,False,50.0,True,False,False,0.0,0.0,0.0,0.0,0.0,False,2100.0,0.0,False,0.0,40.0,False
405,101,101,6550.0,0,False,50.0,True,False,False,0.0,0.0,0.0,0.0,0.0,False,2100.0,0.0,False,0.0,40.0,False
406,101,101,,0,False,10.0,False,True,,,,,,,,,,,,,False
407,101,101,,0,False,5.0,False,True,,,,,,,,,,,,,False
408,102,102,6600.0,0,False,50.0,True,False,False,0.0,0.0,0.0,0.0,0.0,False,2100.0,0.0,False,0.0,40.0,False
409,102,102,6600.0,0,False,50.0,True,False,False,0.0,0.0,0.0,0.0,0.0,False,2100.0,0.0,False,0.0,40.0,False
410,102,102,,0,False,10.0,False,True,,,,,,,,,,,,,False
411,102,102,,0,False,5.0,False,True,,,,,,,,,,,,,False
412,103,103,6650.0,0,False,50.0,True,False,False,0.0,0.0,0.0,0.0,0.0,False,2100.0,0.0,False,0.0,40.0,False
413,103,103,6650.0,0,False,50.0,True,False,False,0.0,0.0,0.0,0.0,0.0,False,2100.0,0.0,False,0.0,40.0,False
414,103,103,,0,False,10.0,False,True,,,,,,,,,,,,,False
415,103,103,,0,False,5.0,False,True,,,,,,,,,,,,,False
416,104,104,6700.0,0,False,50.0,True,False,False,0.0,0.0,0.0,0.0,0.0,False,2100.0,0.0,False,0.0,40.0,False
417,104,104,6700.0,0,False,50.0,True,False,False,0.0,0.0,0.0,0.0,0.0,False,2100.0,0.0,False,0.0,40.0,False
418,104,104,,0,False,10.0,False,True,,,,,,,,,,,,,False
419,104,104,,0,False,5.0,False,True,,,,,,,,,,,,,False
420,105,105,6750.0,0,False,50.0,True,False,False,0.0,0.0,0.0,0.0,0.0,False,2100.0,0.0,False,0.0,40.0,False
421,105,105,6750.0,0,False,50.0,True,False,False,0.0,0.0,0.0,0.0,0.0,False,2100.0,0.0,False,0.0,40.0,False
422,105,105,,0,False,10.0,False,True,,,,,,,,,,,,,False
423,105,105,,0,False,5.0,False,True,,,,,,,,,,,,,False
424,106,106,6800.0,0,False,50.0,True,False,False,0.0,0.0,0.0,0.0,0.0,False,2100.0,0.0,False,0.0,40.0,False
425,106,106,6800.0,0,False,50.0,True,False,False,0.0,0.0,0.0,0.0,0.0,False,2100.0,0.0,False,0.0,40.0,False
426,106,106,,0,False,10.0,False,True,,,,,,,,,,,,,False
427,106,106,,0,False,5.0,False,True,,,,,,,,,,,,,False
428,107,107,6850.0,0,False,50.0,True,False,False,0.0,0.0,0.0,0.0,0.0,False,2100.0,0.0,False,0.0,40.0,False
429,107,107,6850.0,0,False,50.0,True,False,False,0.0,0.0,0.0,0.0,0.0,False,2100.0,0.0,False,0.0,40.0,False
430,107,107,,0,False,10.0,False,True,,,,,,,,,,,,,False
431,107,107,,0,False,5.0,False,True,,,,,,,,,,,,,False
432,108,108,6900.0,0,False,50.0,True,False,False,0.0,0.0,0.0,0.0,0.0,False,2100.0,0.0,False,0.0,40.0,False
433,108,108,6900.0,0,False,50.0,True,False,False,0.0,0.0,0.0,0.0,0.0,False,2100.0,0.0,False,0.0,40.0,False
434,108,108,,0,False,10.0,False,True,,,,,,,,,,,,,False
435,108,108,,0,False,5.0,False,True,,,,,,,,,,,,,False
436,109,109,6950.0,0,False,50.0,True,False,False,0.0,0.0,0.0,0.0,0.0,False,2100.0,0.0,False,0.0,40.0,False
437,109,109,6950.0,0,False,50.0,True,False,False,0.0,0.0,0.0,0.0,0.0,False,2100.0,0.0,False,0.0,40.0,False
438,109,109,,0,False,10.0,False,True,,,,,,,,,,,,,False
439,109,109,,0,False,5.0,False,True,,,,,,,,,,,,,False
440,110,110,7000.0,0,False,50.0,True,False,False,0.0,0.0,0.0,0.0,0.0,False,2100.0,0.0,False,0.0,40.0,False
441,110,110,7000.0,0,False,50.0,True,False,False,0.0,0.0,0.0,0.0,0.0,False,2100.0,0.0,False,0.0,40.0,False
442,110,110,,0,False,10.0,False,True,,,,,,,,,,,,,False
443,110,110,,0,False,5.0,False,True,,,,,,,,,,,,,False
444,111,111,7050.0,0,False,50.0,True,False,False,0.0,0.0,0.0,0.0,0.0,False,2100.0,0.0,False,0.0,40.0,False
445,111,111,7050.0,0,False,50.0,True,False,False,0.0,0.0,0.0,0.0,0.0,False,2100.0,0.0,False,0.0,40.0,False
446,111,111,,0,False,10.0,False,True,,,,,,,,,,,,,False
447,111,111,,0,False,5.0,False,True,,,,,,,,,,,,,False
448,112,112,7100.0,0,False,50.0,True,False,False,0.0,0.0,0.0,0.0,0.0,False,2100.0,0.0,False,0.0,40.0,False
449,112,112,7100.0,0,False,50.0,True,False,False,0.0,0.0,0.0,0.0,0.0,False,2100.0,0.0,False,0.0,40.0,False
450,112,112,,0,False,10.0,False,True,,,,,,,,,,,,,False
451,112,112,,0,False,5.0,False,True,,,,,,,,,,,,,False
452,113,113,7150.0,0,False,50.0,True,False,False,0.0,0.0,0.0,0.0,0.0,False,2100.0,0.0,False,0.0,40.0,False
453,113,113,7150.0,0,False,50.0,True,False,False,0.0,0.0,0.0,0.0,0.0,False,2100.0,0.0,False,0.0,40.0,False
454,113,113,,0,False,10.0,False,True,,,,,,,,,,,,,False
455,113,113,,0,False,5.0,False,True,,,,,,,,,,,,,False
456,114,114,7200.0,0,False,50.0,True,False,False,0.0,0.0,0.0,0.0,0.0,False,2100.0,0.0,False,0.0,40.0,False
457,114,114,7200.0,0,False,50.0,True,False,False,0.0,0.0,0.0,0.0,0.0,False,2100.0,0.0,False,0.0,40.0,False
458,114,114,,0,False,10.0,False,True,,,,,,,,,,,,,False
459,114,114,,0,False,5.0,False,True,,,,,,,,,,,,,False
460,115,115,7250.0,0,False,50.0,True,False,False,0.0,0.0,0.0,0.0,0.0,False,2100.0,0.0,False,0.0,40.0,False
461,115,115,7250.0,0,False,50.0,True,False,False,0.0,0.0,0.0,0.0,0.0,False,2100.0,0.0,False,0.0,40.0,False
462,115,115,,0,False,10.0,False,True,,,,,,,,,,,,,False
463,115,115,,0,False,5.0,False,True,,,,,,,,,,,,,False
464,116,116,7300.0,0,False,50.0,True,False,False,0.0,0.0,0.0,0.0,0.0,False,2100.0,0.0,False,0.0,40.0,False
465,116,116,7300.0,0,False,50.0,True,False,False,0.0,0.0,0.0,0.0,0.0,False,2100.0,0.0,False,0.0,40.0,False
466,116,116,,0,False,10.0,False,True,,,,,,,,,,,,,False
467,116,116,,0,False,5.0,False,True,,,,,,,,,,,,,False
468,117,117,7350.0,0,False,50.0,True,False,False,0.0,0.0,0.0,0.0,0.0,False,2100.0,0.0,False,0.0,40.0,False
469,117,117,7350.0,0,False,50.0,True,False,False,0.0,0.0,0.0,0.0,0.0,False,2100.0,0.0,False,0.0,40.0,False
470,117,117,,0,False,10.0,False,True,,,,,,,,,,,,,False
471,117,117,,0,False,5.0,False,True,,,,,,,,,,,,,False
472,118,118,7400.0,0,False,50.0,True,False,False,0.0,0.0,0.0,0.0,0.0,False,2100.0,0.0,False,0.0,40.0,False
473,118,118,7400.0,0,False,50.0,True,False,False,0.0,0.0,0.0,0.0,0.0,False,2100.0,0.0,False,0.0,40.0,False
474,118,118,,0,False,10.0,False,True,,,,,,,,,,,,,False
475,118,118,,0,False,5.0,False,True,,,,,,,,,,,,,False
476,119,119,7450.0,0,False,50.0,True,False,False,0.0,0.0,0.0,0.0,0.0,False,2100.0,0.0,False,0.0,40.0,False
477,119,119,7450.0,0,False,50.0,True,False,False,0.0,0.0,0.0,0.0,0.0,False,2100.0,0.0,False,0.0,40.0,False
478,119,119,,0,False,10.0,False,True,,,,,,,,,,,,,False
479,119,119,,0,False,5.0,False,True,,,,,,,,,,,,,False
480,120,120,7500.0,0,False,50.0,True,False,False,0.0,0.0,0.0,0.0,0.0,False,2100.0,0.0,False,0.0,40.0,False
481,120,120,7500.0,0,False,50.0,True,False,False,0.0,0.0,0.0,0.0,0.0,False,2100.0,0.0,False,0.0,40.0,False
482,120,120,,0,False,10.0,False,True,,,,,,,,,,,,,False
483,120,120,,0,False,5.0,False,True,,,,,,,,,,,,,False
484,121,121,7550.0,0,False,50.0,True,False,False,0.0,0.0,0.0,0.0,0.0,False,2100.0,0.0,False,0.0,40.0,False
485,121,121,7550.0,0,False,50.0,True,False,False,0.0,0.0,0.0,0.0,0.0,False,2100.0,0.0,False,0.0,40.0,False
486,121,121,,0,False,10.0,False,True,,,,,,,,,,,,,False
487,121,121,,0,False,5.0,False,True,,,,,,,,,,,,,False
488,122,122,7600.0,0,False,50.0,True,False,False,0.0,0.0,0.0,0.0,0.0,False,2100.0,0.0,False,0.0,40.0,False
489,122,122,7600.0,0,False,50.0,True,False,False,0.0,0.0,0.0,0.0,0.0,False,2100.0,0.0,False,0.0,40.0,False
490,122,122,,0,False,10.0,False,True,,,,,,,,,,,,,False
491,122,122,,0,False,5.0,False,True,,,,,,,,,,,,,False
492,123,123,7650.0,0,False,50.0,True,False,False,0.0,0.0,0.0,0.0,0.0,False,2100.0,0.0,False,0.0,40.0,False
493,123,123,7650.0,0,False,50.0,True,False,False,0.0,0.0,0.0,0.0,0.0,False,2100.0,0.0,False,0.0,40.0,False
494,123,123,,0,False,10.0,False,True,,,,,,,,,,,,,False
495,123,123,,0,False,5.0,False,True,,,,,,,,,,,,,False
496,124,124,7700.0,0,False,50.0,True,False,False,0.0,0.0,0.0,0.0,0.0,False,2100.0,0.0,False,0.0,40.0,False
497,124,124,7700.0,0,False,50.0,True,False,False,0.0,0.0,0.0,0.0,0.0,False,2100.0,0.0,False,0.0,40.0,False
498,124,124,,0,False,10.0,False,True,,,,,,,,,,,,,False
499,124,124,,0,False,5.0,False,True,,,,,,,,,,,,,False
500,125,125,7750.0,0,False,50.0,True,False,False,0.0,0.0,0.0,0.0,0.0,False,2100.0,0.0,False,0.0,40.0,False
501,125,125,7750.0,0,False,50.0,True,False,False,0.0,0.0,0.0,0.0,0.0,False,2100.0,0.0,False,0.0,40.0,False
502,125,125,,0,False,10.0,False,True,,,,,,,,,,,,,False
503,125,125,,0,False,5.0,False,True,,,,,,,,,,,,,False
504,126,126,7800.0,0,False,50.0,True,False,False,0.0,0.0,0.0,0.0,0.0,False,2100.0,0.0,False,0.0,40.0,False
505,126,126,7800.0,0,False,50.0,True,False,False,0.0,0.0,0.0,0.0,0.0,False,2100.0,0.0,False,0.0,40.0,False
506,126,126,,0,False,10.0,False,True,,,,,,,,,,,,,False
507,126,126,,0,False,5.0,False,True,,,,,,,,,,,,,False
508,127,127,7850.0,0,False,50.0,True,False,False,0.0,0.0,0.0,0.0,0.0,False,2100.0,0.0,False,0.0,40.0,False
509,127,127,7850.0,0,False,50.0,True,False,False,0.0,0.0,0.0,0.0,0.0,False,2100.0,0.0,False,0.0,40.0,False
510,127,127,,0,False,10.0,False,True,,,,,,,,,,,,,False
511,127,127,,0,False,5.0,False,True,,,,,,,,,,,,,False
512,128,128,7900.0,0,False,50.0,True,False,False,0.0,0.0,0.0,0.0,0.0,False,2100.0,0.0,False,0.0,40.0,False
513,128,128,7900.0,0,False,50.0,True,False,False,0.0,0.0,0.0,0.0,0.0,False,2100.0,0.0,False,0.0,40.0,False
514,128,128,,0,False,10.0,False,True,,,,,,,,,,,,,False
515,128,128,,0,False,5.0,False,True,,,,,,,,,,,,,False
516,129,129,7950.0,0,False,50.0,True,False,False,0.0,0.0,0.0,0.0,0.0,False,2100.0,0.0,False,0.0,40.0,False
517,129,129,7950.0,0,False,50.0,True,False,False,0.0,0.0,0.0,0.0,0.0,False,2100.0,0.0,False,0.0,40.0,False
518,129,129,,0,False,10.0,False,True,,,,,,,,,,,,,False
519,129,129,,0,False,5.0,False,True,,,,,,,,,,,,,False
520,130,130,8000.0,0,False,50.0,True,False,False,0.0,0.0,0.0,0.0,0.0,False,2100.0,0.0,False,0.0,40.0,False
521,130,130,8000.0,0,False,50.0,True,False,False,0.0,0.0,0.0,0.0,0.0,False,2100.0,0.0,False,0.0,40.0,False
522,130,130,,0,False,10.0,False,True,,,,,,,,,,,,,False
523,130,130,,0,False,5.0,False,True,,,,,,,,,,,,,False
